new_filename,source_file,source
image_001.jpg,image_415.png,NSD
image_002.jpg,image_463.png,NSD
image_003.jpg,image_178.png,NSD
image_004.jpg,image_526.png,NSD
image_005.jpg,image_194.png,NSD
image_006.jpg,image_938.png,NSD
image_007.jpg,image_818.png,NSD
image_008.jpg,image_117.png,NSD
image_009.jpg,image_299.png,NSD
image_010.jpg,image_228.png,NSD
image_011.jpg,image_243.png,NSD
image_012.jpg,image_013.png,NSD
image_013.jpg,image_374.png,NSD
image_014.jpg,image_665.png,NSD
image_015.jpg,image_602.png,NSD
image_016.jpg,image_603.png,NSD
image_017.jpg,image_768.png,NSD
image_018.jpg,image_709.png,NSD
image_019.jpg,image_090.png,NSD
image_020.jpg,image_953.png,NSD
image_021.jpg,image_348.png,NSD
image_022.jpg,image_649.png,NSD
image_023.jpg,image_355.png,NSD
image_024.jpg,image_840.png,NSD
image_025.jpg,image_025.png,NSD
image_026.jpg,image_519.png,NSD
image_027.jpg,image_426.png,NSD
image_028.jpg,image_960.png,NSD
image_029.jpg,image_766.png,NSD
image_030.jpg,image_210.png,NSD
image_031.jpg,image_932.png,NSD
image_032.jpg,image_590.png,NSD
image_033.jpg,image_593.png,NSD
image_034.jpg,image_555.png,NSD
image_035.jpg,image_871.png,NSD
image_036.jpg,image_373.png,NSD
image_037.jpg,image_844.png,NSD
image_038.jpg,image_142.png,NSD
image_039.jpg,image_544.png,NSD
image_040.jpg,image_490.png,NSD
image_041.jpg,image_621.png,NSD
image_042.jpg,image_775.png,NSD
image_043.jpg,image_905.png,NSD
image_044.jpg,image_937.png,NSD
image_045.jpg,image_842.png,NSD
image_046.jpg,image_022.png,NSD
image_047.jpg,image_923.png,NSD
image_048.jpg,image_309.png,NSD
image_049.jpg,image_134.png,NSD
image_050.jpg,image_821.png,NSD
image_051.jpg,image_935.png,NSD
image_052.jpg,image_223.png,NSD
image_053.jpg,image_165.png,NSD
image_054.jpg,image_216.png,NSD
image_055.jpg,image_289.png,NSD
image_056.jpg,image_581.png,NSD
image_057.jpg,image_071.png,NSD
image_058.jpg,image_588.png,NSD
image_059.jpg,image_575.png,NSD
image_060.jpg,image_140.png,NSD
image_061.jpg,image_722.png,NSD
image_062.jpg,image_865.png,NSD
image_063.jpg,image_859.png,NSD
image_064.jpg,image_152.png,NSD
image_065.jpg,image_293.png,NSD
image_066.jpg,image_276.png,NSD
image_067.jpg,image_980.png,NSD
image_068.jpg,image_040.png,NSD
image_069.jpg,image_431.png,NSD
image_070.jpg,image_089.png,NSD
image_071.jpg,image_316.png,NSD
image_072.jpg,image_222.png,NSD
image_073.jpg,image_528.png,NSD
image_074.jpg,image_115.png,NSD
image_075.jpg,image_606.png,NSD
image_076.jpg,image_774.png,NSD
image_077.jpg,image_747.png,NSD
image_078.jpg,image_456.png,NSD
image_079.jpg,image_598.png,NSD
image_080.jpg,image_854.png,NSD
image_081.jpg,image_038.png,NSD
image_082.jpg,image_158.png,NSD
image_083.jpg,image_752.png,NSD
image_084.jpg,image_208.png,NSD
image_085.jpg,image_969.png,NSD
image_086.jpg,image_975.png,NSD
image_087.jpg,image_033.png,NSD
image_088.jpg,image_516.png,NSD
image_089.jpg,image_012.png,NSD
image_090.jpg,image_068.png,NSD
image_091.jpg,image_755.png,NSD
image_092.jpg,image_409.png,NSD
image_093.jpg,image_308.png,NSD
image_094.jpg,image_277.png,NSD
image_095.jpg,image_088.png,NSD
image_096.jpg,image_537.png,NSD
image_097.jpg,image_290.png,NSD
image_098.jpg,image_424.png,NSD
image_099.jpg,image_880.png,NSD
image_100.jpg,image_285.png,NSD
image_101.jpg,image_671.png,NSD
image_102.jpg,image_120.png,NSD
image_103.jpg,image_109.png,NSD
image_104.jpg,image_157.png,NSD
image_105.jpg,image_063.png,NSD
image_106.jpg,image_483.png,NSD
image_107.jpg,image_477.png,NSD
image_108.jpg,image_480.png,NSD
image_109.jpg,image_711.png,NSD
image_110.jpg,image_066.png,NSD
image_111.jpg,image_663.png,NSD
image_112.jpg,image_847.png,NSD
image_113.jpg,image_084.png,NSD
image_114.jpg,image_164.png,NSD
image_115.jpg,image_648.png,NSD
image_116.jpg,image_050.png,NSD
image_117.jpg,image_073.png,NSD
image_118.jpg,image_177.png,NSD
image_119.jpg,image_362.png,NSD
image_120.jpg,image_235.png,NSD
image_121.jpg,image_610.png,NSD
image_122.jpg,image_330.png,NSD
image_123.jpg,image_726.png,NSD
image_124.jpg,image_126.png,NSD
image_125.jpg,image_211.png,NSD
image_126.jpg,image_686.png,NSD
image_127.jpg,image_785.png,NSD
image_128.jpg,image_814.png,NSD
image_129.jpg,image_310.png,NSD
image_130.jpg,image_744.png,NSD
image_131.jpg,image_242.png,NSD
image_132.jpg,image_870.png,NSD
image_133.jpg,image_792.png,NSD
image_134.jpg,image_112.png,NSD
image_135.jpg,image_619.png,NSD
image_136.jpg,image_875.png,NSD
image_137.jpg,image_150.png,NSD
image_138.jpg,image_666.png,NSD
image_139.jpg,image_614.png,NSD
image_140.jpg,image_767.png,NSD
image_141.jpg,image_159.png,NSD
image_142.jpg,image_391.png,NSD
image_143.jpg,image_154.png,NSD
image_144.jpg,image_955.png,NSD
image_145.jpg,image_004.png,NSD
image_146.jpg,image_326.png,NSD
image_147.jpg,image_784.png,NSD
image_148.jpg,image_279.png,NSD
image_149.jpg,image_800.png,NSD
image_150.jpg,image_789.png,NSD
image_151.jpg,image_567.png,NSD
image_152.jpg,image_237.png,NSD
image_153.jpg,image_764.png,NSD
image_154.jpg,image_339.png,NSD
image_155.jpg,image_901.png,NSD
image_156.jpg,image_822.png,NSD
image_157.jpg,image_136.png,NSD
image_158.jpg,image_455.png,NSD
image_159.jpg,image_738.png,NSD
image_160.jpg,image_560.png,NSD
image_161.jpg,image_589.png,NSD
image_162.jpg,image_082.png,NSD
image_163.jpg,image_696.png,NSD
image_164.jpg,image_827.png,NSD
image_165.jpg,image_195.png,NSD
image_166.jpg,image_769.png,NSD
image_167.jpg,image_680.png,NSD
image_168.jpg,image_882.png,NSD
image_169.jpg,image_907.png,NSD
image_170.jpg,image_500.png,NSD
image_171.jpg,image_835.png,NSD
image_172.jpg,image_344.png,NSD
image_173.jpg,image_853.png,NSD
image_174.jpg,image_459.png,NSD
image_175.jpg,image_019.png,NSD
image_176.jpg,image_977.png,NSD
image_177.jpg,image_163.png,NSD
image_178.jpg,image_051.png,NSD
image_179.jpg,image_534.png,NSD
image_180.jpg,image_176.png,NSD
image_181.jpg,image_554.png,NSD
image_182.jpg,image_083.png,NSD
image_183.jpg,image_523.png,NSD
image_184.jpg,image_633.png,NSD
image_185.jpg,image_392.png,NSD
image_186.jpg,image_302.png,NSD
image_187.jpg,image_597.png,NSD
image_188.jpg,image_706.png,NSD
image_189.jpg,image_850.png,NSD
image_190.jpg,image_951.png,NSD
image_191.jpg,image_430.png,NSD
image_192.jpg,image_710.png,NSD
image_193.jpg,image_761.png,NSD
image_194.jpg,image_712.png,NSD
image_195.jpg,image_428.png,NSD
image_196.jpg,image_672.png,NSD
image_197.jpg,image_249.png,NSD
image_198.jpg,image_429.png,NSD
image_199.jpg,image_398.png,NSD
image_200.jpg,image_909.png,NSD
image_201.jpg,image_381.png,NSD
image_202.jpg,image_545.png,NSD
image_203.jpg,image_039.png,NSD
image_204.jpg,image_522.png,NSD
image_205.jpg,image_473.png,NSD
image_206.jpg,image_199.png,NSD
image_207.jpg,image_124.png,NSD
image_208.jpg,image_264.png,NSD
image_209.jpg,image_185.png,NSD
image_210.jpg,image_573.png,NSD
image_211.jpg,image_251.png,NSD
image_212.jpg,image_458.png,NSD
image_213.jpg,image_151.png,NSD
image_214.jpg,image_053.png,NSD
image_215.jpg,image_538.png,NSD
image_216.jpg,image_234.png,NSD
image_217.jpg,image_288.png,NSD
image_218.jpg,image_184.png,NSD
image_219.jpg,image_413.png,NSD
image_220.jpg,image_627.png,NSD
image_221.jpg,image_778.png,NSD
image_222.jpg,image_934.png,NSD
image_223.jpg,image_965.png,NSD
image_224.jpg,image_204.png,NSD
image_225.jpg,image_886.png,NSD
image_226.jpg,image_564.png,NSD
image_227.jpg,image_958.png,NSD
image_228.jpg,image_890.png,NSD
image_229.jpg,image_727.png,NSD
image_230.jpg,image_346.png,NSD
image_231.jpg,image_841.png,NSD
image_232.jpg,image_468.png,NSD
image_233.jpg,image_509.png,NSD
image_234.jpg,image_056.png,NSD
image_235.jpg,image_457.png,NSD
image_236.jpg,image_617.png,NSD
image_237.jpg,image_357.png,NSD
image_238.jpg,image_278.png,NSD
image_239.jpg,image_269.png,NSD
image_240.jpg,image_646.png,NSD
image_241.jpg,image_347.png,NSD
image_242.jpg,image_128.png,NSD
image_243.jpg,image_217.png,NSD
image_244.jpg,image_618.png,NSD
image_245.jpg,image_698.png,NSD
image_246.jpg,image_337.png,NSD
image_247.jpg,image_957.png,NSD
image_248.jpg,image_539.png,NSD
image_249.jpg,image_956.png,NSD
image_250.jpg,image_945.png,NSD
image_251.jpg,image_553.png,NSD
image_252.jpg,image_724.png,NSD
image_253.jpg,image_390.png,NSD
image_254.jpg,image_498.png,NSD
image_255.jpg,image_221.png,NSD
image_256.jpg,image_881.png,NSD
image_257.jpg,image_657.png,NSD
image_258.jpg,image_421.png,NSD
image_259.jpg,image_748.png,NSD
image_260.jpg,image_660.png,NSD
image_261.jpg,image_162.png,NSD
image_262.jpg,image_830.png,NSD
image_263.jpg,image_673.png,NSD
image_264.jpg,image_578.png,NSD
image_265.jpg,image_894.png,NSD
image_266.jpg,image_860.png,NSD
image_267.jpg,image_224.png,NSD
image_268.jpg,image_389.png,NSD
image_269.jpg,image_116.png,NSD
image_270.jpg,image_757.png,NSD
image_271.jpg,image_867.png,NSD
image_272.jpg,image_054.png,NSD
image_273.jpg,image_928.png,NSD
image_274.jpg,image_795.png,NSD
image_275.jpg,image_557.png,NSD
image_276.jpg,image_658.png,NSD
image_277.jpg,image_682.png,NSD
image_278.jpg,image_981.png,NSD
image_279.jpg,image_133.png,NSD
image_280.jpg,image_688.png,NSD
image_281.jpg,image_447.png,NSD
image_282.jpg,image_103.png,NSD
image_283.jpg,image_750.png,NSD
image_284.jpg,image_209.png,NSD
image_285.jpg,image_349.png,NSD
image_286.jpg,image_401.png,NSD
image_287.jpg,image_257.png,NSD
image_288.jpg,image_802.png,NSD
image_289.jpg,image_386.png,NSD
image_290.jpg,image_922.png,NSD
image_291.jpg,image_023.png,NSD
image_292.jpg,image_466.png,NSD
image_293.jpg,image_129.png,NSD
image_294.jpg,image_868.png,NSD
image_295.jpg,image_924.png,NSD
image_296.jpg,image_377.png,NSD
image_297.jpg,image_169.png,NSD
image_298.jpg,image_445.png,NSD
image_299.jpg,image_233.png,NSD
image_300.jpg,image_422.png,NSD
image_301.jpg,aloe_06s.jpg,THINGS
image_302.jpg,altar_03s.jpg,THINGS
image_303.jpg,Animal_carcass_1.jpg,THINGS
image_304.jpg,apple_03s.jpg,THINGS
image_305.jpg,applesauce_07s.jpg,THINGS
image_306.jpg,Astronaut_1.jpg,THINGS
image_307.jpg,avocado_02s.jpg,THINGS
image_308.jpg,axe_11n.jpg,THINGS
image_309.jpg,banana_13s.jpg,THINGS
image_310.jpg,Band_1.jpg,THINGS
image_311.jpg,Bar_1.jpg,THINGS
image_312.jpg,Barbeque_1.jpg,THINGS
image_313.jpg,Barrels_1.jpg,THINGS
image_314.jpg,Bear_1.jpg,THINGS
image_315.jpg,beaver_13n.jpg,THINGS
image_316.jpg,Bee_1.jpg,THINGS
image_317.jpg,Billiards_1.jpg,THINGS
image_318.jpg,Bird_1.jpg,THINGS
image_319.jpg,blackberry_06s.jpg,THINGS
image_320.jpg,blender_08s.jpg,THINGS
image_321.jpg,Bloody_knife_1.jpg,THINGS
image_322.jpg,boa_13s.jpg,THINGS
image_323.jpg,Boat_1.jpg,THINGS
image_324.jpg,bolt_11s.jpg,THINGS
image_325.jpg,Bottle_1.jpg,THINGS
image_326.jpg,Boxing_1.jpg,THINGS
image_327.jpg,boy_04s.jpg,THINGS
image_328.jpg,Bridge_1.jpg,THINGS
image_329.jpg,broccoli_08s.jpg,THINGS
image_330.jpg,brownie_04s.jpg,THINGS
image_331.jpg,bubble_03s.jpg,THINGS
image_332.jpg,Bubble_1.jpg,THINGS
image_333.jpg,Building_1.jpg,THINGS
image_334.jpg,bullet_08n.jpg,THINGS
image_335.jpg,bumper_05s.jpg,THINGS
image_336.jpg,burrito_07s.jpg,THINGS
image_337.jpg,camera1_11s.jpg,THINGS
image_338.jpg,Camping_10.jpg,THINGS
image_339.jpg,canoe_12s.jpg,THINGS
image_340.jpg,Car_1.jpg,THINGS
image_341.jpg,Car_accident_1.jpg,THINGS
image_342.jpg,Car_crash_1.jpg,THINGS
image_343.jpg,Cat_1.jpg,THINGS
image_344.jpg,Celebration_1.jpg,THINGS
image_345.jpg,Celebration_2.jpg,THINGS
image_346.jpg,cellphone_04s.jpg,THINGS
image_347.jpg,chalkboard_02s.jpg,THINGS
image_348.jpg,cheetah_06s.jpg,THINGS
image_349.jpg,cherry_02s.jpg,THINGS
image_350.jpg,chili_01b.jpg,THINGS
image_351.jpg,chinchilla_01b.jpg,THINGS
image_352.jpg,Chipmunk_1.jpg,THINGS
image_353.jpg,City_1.jpg,THINGS
image_354.jpg,clarinet_07n.jpg,THINGS
image_355.jpg,clay_10s.jpg,THINGS
image_356.jpg,Clean_1.jpg,THINGS
image_357.jpg,Cockroach_1.jpg,THINGS
image_358.jpg,coconut_09s.jpg,THINGS
image_359.jpg,coconut_11s.jpg,THINGS
image_360.jpg,coffee_pot_12s.jpg,THINGS
image_361.jpg,Cold_1.jpg,THINGS
image_362.jpg,Cold_6.jpg,THINGS
image_363.jpg,coleslaw_07s.jpg,THINGS
image_364.jpg,Collaboration_1.jpg,THINGS
image_365.jpg,comb_07s.jpg,THINGS
image_366.jpg,computer_screen_05s.jpg,THINGS
image_367.jpg,cork_05s.jpg,THINGS
image_368.jpg,Couple_1.jpg,THINGS
image_369.jpg,Couple_5.jpg,THINGS
image_370.jpg,crayon_15s.jpg,THINGS
image_371.jpg,credit_card_12s.jpg,THINGS
image_372.jpg,Crosswalk_1.jpg,THINGS
image_373.jpg,Crow_1.jpg,THINGS
image_374.jpg,cufflink_04s.jpg,THINGS
image_375.jpg,cufflink_16s.jpg,THINGS
image_376.jpg,cymbal_10s.jpg,THINGS
image_377.jpg,cymbal_12s.jpg,THINGS
image_378.jpg,Dancing_1.jpg,THINGS
image_379.jpg,Dead_bodies_1.jpg,THINGS
image_380.jpg,Depressed_pose_1.jpg,THINGS
image_381.jpg,Destruction_9.jpg,THINGS
image_382.jpg,Dirt_1.jpg,THINGS
image_383.jpg,dishrag_12s.jpg,THINGS
image_384.jpg,Dog_1.jpg,THINGS
image_385.jpg,Dog_attack_1.jpg,THINGS
image_386.jpg,dolly_12s.jpg,THINGS
image_387.jpg,drill_07s.jpg,THINGS
image_388.jpg,drum_05s.jpg,THINGS
image_389.jpg,earring_09s.jpg,THINGS
image_390.jpg,egg_roll_07n.jpg,THINGS
image_391.jpg,eggbeater_08s.jpg,THINGS
image_392.jpg,elbow_11s.jpg,THINGS
image_393.jpg,Elephant_1.jpg,THINGS
image_394.jpg,Excited_face_1.jpg,THINGS
image_395.jpg,Exercise_1.jpg,THINGS
image_396.jpg,face_mask_02s.jpg,THINGS
image_397.jpg,Feces_1.jpg,THINGS
image_398.jpg,fence_07s.jpg,THINGS
image_399.jpg,Fence_1.jpg,THINGS
image_400.jpg,Ferret_1.jpg,THINGS
image_401.jpg,ferris_wheel_10s.jpg,THINGS
image_402.jpg,fig_01b.jpg,THINGS
image_403.jpg,Fire_1.jpg,THINGS
image_404.jpg,Fire_2.jpg,THINGS
image_405.jpg,Fire_hydrant_1.jpg,THINGS
image_406.jpg,Fireworks_1.jpg,THINGS
image_407.jpg,Flood_1.jpg,THINGS
image_408.jpg,Flowers_1.jpg,THINGS
image_409.jpg,fondue_02s.jpg,THINGS
image_410.jpg,Food_1.jpg,THINGS
image_411.jpg,footprint_10s.jpg,THINGS
image_412.jpg,Frustrated_pose_1.jpg,THINGS
image_413.jpg,fudge_14s.jpg,THINGS
image_414.jpg,Galaxy_1.jpg,THINGS
image_415.jpg,Garbage_dump_1.jpg,THINGS
image_416.jpg,Gazing_1.jpg,THINGS
image_417.jpg,Goat_1.jpg,THINGS
image_418.jpg,Gorrila_1.jpg,THINGS
image_419.jpg,granite_06s.jpg,THINGS
image_420.jpg,Grass_1.jpg,THINGS
image_421.jpg,Graveyard_1.jpg,THINGS
image_422.jpg,guacamole_18s.jpg,THINGS
image_423.jpg,Gun_1.jpg,THINGS
image_424.jpg,Gun_2.jpg,THINGS
image_425.jpg,Hallway_1.jpg,THINGS
image_426.jpg,hamburger_09s.jpg,THINGS
image_427.jpg,hammock_06s.jpg,THINGS
image_428.jpg,handcuff_08s.jpg,THINGS
image_429.jpg,Heart_1.jpg,THINGS
image_430.jpg,hippopotamus_11s.jpg,THINGS
image_431.jpg,Horse_1.jpg,THINGS
image_432.jpg,Horse_racing_1.jpg,THINGS
image_433.jpg,hotdog_04s.jpg,THINGS
image_434.jpg,hotplate_08s.jpg,THINGS
image_435.jpg,hourglass_12s.jpg,THINGS
image_436.jpg,Injury_1.jpg,THINGS
image_437.jpg,Intensity_1.jpg,THINGS
image_438.jpg,Jail_1.jpg,THINGS
image_439.jpg,jam_15s.jpg,THINGS
image_440.jpg,joystick_14s.jpg,THINGS
image_441.jpg,kazoo_05s.jpg,THINGS
image_442.jpg,Knife_1.jpg,THINGS
image_443.jpg,ladder_01b.jpg,THINGS
image_444.jpg,Lamb_1.jpg,THINGS
image_445.jpg,lampshade_01b.jpg,THINGS
image_446.jpg,lantern_10s.jpg,THINGS
image_447.jpg,Lava_1.jpg,THINGS
image_448.jpg,lemonade_04s.jpg,THINGS
image_449.jpg,lemonade_09s.jpg,THINGS
image_450.jpg,leopard_04s.jpg,THINGS
image_451.jpg,Animal_carcass_1.jpg,OASIS
image_452.jpg,Astronaut_1.jpg,OASIS
image_453.jpg,Band_1.jpg,OASIS
image_454.jpg,Bar_1.jpg,OASIS
image_455.jpg,Barbeque_1.jpg,OASIS
image_456.jpg,Barrels_1.jpg,OASIS
image_457.jpg,Bear_1.jpg,OASIS
image_458.jpg,Bee_1.jpg,OASIS
image_459.jpg,Billiards_1.jpg,OASIS
image_460.jpg,Bird_1.jpg,OASIS
image_461.jpg,Bloody_knife_1.jpg,OASIS
image_462.jpg,Boat_1.jpg,OASIS
image_463.jpg,Bottle_1.jpg,OASIS
image_464.jpg,Boxing_1.jpg,OASIS
image_465.jpg,Bridge_1.jpg,OASIS
image_466.jpg,Bubble_1.jpg,OASIS
image_467.jpg,Building_1.jpg,OASIS
image_468.jpg,Camping_10.jpg,OASIS
image_469.jpg,Car_1.jpg,OASIS
image_470.jpg,Car_accident_1.jpg,OASIS
image_471.jpg,Car_crash_1.jpg,OASIS
image_472.jpg,Cat_1.jpg,OASIS
image_473.jpg,Celebration_1.jpg,OASIS
image_474.jpg,Celebration_2.jpg,OASIS
image_475.jpg,Chipmunk_1.jpg,OASIS
image_476.jpg,City_1.jpg,OASIS
image_477.jpg,Clean_1.jpg,OASIS
image_478.jpg,Cockroach_1.jpg,OASIS
image_479.jpg,Cold_1.jpg,OASIS
image_480.jpg,Cold_6.jpg,OASIS
image_481.jpg,Collaboration_1.jpg,OASIS
image_482.jpg,Couple_1.jpg,OASIS
image_483.jpg,Couple_5.jpg,OASIS
image_484.jpg,Crosswalk_1.jpg,OASIS
image_485.jpg,Crow_1.jpg,OASIS
image_486.jpg,Dancing_1.jpg,OASIS
image_487.jpg,Dead_bodies_1.jpg,OASIS
image_488.jpg,Depressed_pose_1.jpg,OASIS
image_489.jpg,Destruction_9.jpg,OASIS
image_490.jpg,Dirt_1.jpg,OASIS
image_491.jpg,Dog_1.jpg,OASIS
image_492.jpg,Dog_attack_1.jpg,OASIS
image_493.jpg,Elephant_1.jpg,OASIS
image_494.jpg,Excited_face_1.jpg,OASIS
image_495.jpg,Exercise_1.jpg,OASIS
image_496.jpg,Feces_1.jpg,OASIS
image_497.jpg,Fence_1.jpg,OASIS
image_498.jpg,Ferret_1.jpg,OASIS
image_499.jpg,Fire_1.jpg,OASIS
image_500.jpg,Fire_2.jpg,OASIS
image_501.jpg,Fire_hydrant_1.jpg,OASIS
image_502.jpg,Fireworks_1.jpg,OASIS
image_503.jpg,Flood_1.jpg,OASIS
image_504.jpg,Flowers_1.jpg,OASIS
image_505.jpg,Food_1.jpg,OASIS
image_506.jpg,Frustrated_pose_1.jpg,OASIS
image_507.jpg,Galaxy_1.jpg,OASIS
image_508.jpg,Garbage_dump_1.jpg,OASIS
image_509.jpg,Gazing_1.jpg,OASIS
image_510.jpg,Goat_1.jpg,OASIS
image_511.jpg,Gorrila_1.jpg,OASIS
image_512.jpg,Grass_1.jpg,OASIS
image_513.jpg,Graveyard_1.jpg,OASIS
image_514.jpg,Gun_1.jpg,OASIS
image_515.jpg,Gun_2.jpg,OASIS
image_516.jpg,Hallway_1.jpg,OASIS
image_517.jpg,Heart_1.jpg,OASIS
image_518.jpg,Horse_1.jpg,OASIS
image_519.jpg,Horse_racing_1.jpg,OASIS
image_520.jpg,Injury_1.jpg,OASIS
image_521.jpg,Intensity_1.jpg,OASIS
image_522.jpg,Jail_1.jpg,OASIS
image_523.jpg,Knife_1.jpg,OASIS
image_524.jpg,Lamb_1.jpg,OASIS
image_525.jpg,Lava_1.jpg,OASIS
image_526.jpg,Lion_1.jpg,OASIS
image_527.jpg,Meerkat_1.jpg,OASIS
image_528.jpg,Memorial_1.jpg,OASIS
image_529.jpg,Miserable_face_1.jpg,OASIS
image_530.jpg,Money_1.jpg,OASIS
image_531.jpg,Monkey_1.jpg,OASIS
image_532.jpg,Mother_1.jpg,OASIS
image_533.jpg,Motocross_1.jpg,OASIS
image_534.jpg,Nature_1.jpg,OASIS
image_535.jpg,Nude_woman_1.jpg,OASIS
image_536.jpg,Office_supplies_1.jpg,OASIS
image_537.jpg,Opossum_1.jpg,OASIS
image_538.jpg,Orangutan_1.jpg,OASIS
image_539.jpg,Paintbrush_1.jpg,OASIS
image_540.jpg,Parade_1.jpg,OASIS
image_541.jpg,Parasailing_1.jpg,OASIS
image_542.jpg,Parasailing_2.jpg,OASIS
image_543.jpg,Path_1.jpg,OASIS
image_544.jpg,Penguins_1.jpg,OASIS
image_545.jpg,Performance_1.jpg,OASIS
image_546.jpg,Phone_1.jpg,OASIS
image_547.jpg,Picnic_1.jpg,OASIS
image_548.jpg,Pig_1.jpg,OASIS
image_549.jpg,Pigeon_1.jpg,OASIS
image_550.jpg,Pinecone_1.jpg,OASIS
image_551.jpg,Plane_crash_1.jpg,OASIS
image_552.jpg,Plane_crash_2.jpg,OASIS
image_553.jpg,Power_lines_1.jpg,OASIS
image_554.jpg,Prison_2.jpg,OASIS
image_555.jpg,Raccoon_1.jpg,OASIS
image_556.jpg,Railroad_1.jpg,OASIS
image_557.jpg,Rooster_1.jpg,OASIS
image_558.jpg,Rubber_duck_1.jpg,OASIS
image_559.jpg,Rugby_1.jpg,OASIS
image_560.jpg,Sad_pose_1.jpg,OASIS
image_561.jpg,Sailing_1.jpg,OASIS
image_562.jpg,Satellite_1.jpg,OASIS
image_563.jpg,Scared_cat_1.jpg,OASIS
image_564.jpg,Seal_1.jpg,OASIS
image_565.jpg,Severed_finger_1.jpg,OASIS
image_566.jpg,Shark_1.jpg,OASIS
image_567.jpg,Shot_1.jpg,OASIS
image_568.jpg,Skier_1.jpg,OASIS
image_569.jpg,Skijump_1.jpg,OASIS
image_570.jpg,Skinhead_1.jpg,OASIS
image_571.jpg,Sky_1.jpg,OASIS
image_572.jpg,Skyscraper_1.jpg,OASIS
image_573.jpg,Smiling_face_1.jpg,OASIS
image_574.jpg,Snake_1.jpg,OASIS
image_575.jpg,Soccer_1.jpg,OASIS
image_576.jpg,Solar_panel_1.jpg,OASIS
image_577.jpg,Soup_1.jpg,OASIS
image_578.jpg,Spider_1.jpg,OASIS
image_579.jpg,Statue_1.jpg,OASIS
image_580.jpg,Stingray_1.jpg,OASIS
image_581.jpg,Sun_1.jpg,OASIS
image_582.jpg,Sunset_1.jpg,OASIS
image_583.jpg,Surgery_1.jpg,OASIS
image_584.jpg,Surprise_1.jpg,OASIS
image_585.jpg,Swingset_1.jpg,OASIS
image_586.jpg,Thunderstorm_1.jpg,OASIS
image_587.jpg,Tiger_1.jpg,OASIS
image_588.jpg,Tumor_1.jpg,OASIS
image_589.jpg,Wall_1.jpg,OASIS
image_590.jpg,War_1.jpg,OASIS
image_591.jpg,War_5.jpg,OASIS
image_592.jpg,Waterfall_1.jpg,OASIS
image_593.jpg,Wedding_1.jpg,OASIS
image_594.jpg,Wedding_12.jpg,OASIS
image_595.jpg,Wedding_4.jpg,OASIS
image_596.jpg,Wedding_ring_1.jpg,OASIS
image_597.jpg,Windmill_1.jpg,OASIS
image_598.jpg,Wolf_1.jpg,OASIS
image_599.jpg,Yoga_1.jpg,OASIS
image_600.jpg,Zebra_1.jpg,OASIS
